[
  {
    "value": "Carbon monoxide",
    "synonyms": [
      "carbon monoxide",
      "co",
      "CO"
    ]
  },
  {
    "value": "OZONE",
    "synonyms": [
      "OZONE",
      "ozone"
    ]
  },
  {
    "value": "Sulfur dioxide",
    "synonyms": [
      "SO2",
      "so2",
      "sulphur dioxide"
    ]
  },
  {
    "value": "Nitrogen dioxide",
    "synonyms": [
      "NO2",
      "nitrogen dioxide"
    ]
  },
  {
    "value": "Ammonia",
    "synonyms": [
      "NH3",
      "nh3",
      "ammonia"
    ]
  },
  {
    "value": "Particulate matter 10",
    "synonyms": [
      "Particulate matter 10",
      "pm10",
      "PM10",
      "parituclate matter 10"
    ]
  },
  {
    "value": "Particulate matter 2.5",
    "synonyms": [
      "PM",
      "PM 2.5",
      "pm",
      "particulate matter",
      "pm"
    ]
  }
]