[
  {
    "id": "0bf85264-1139-4f19-bebf-560990c2b956",
    "data": [
      {
        "text": "I disagree",
        "userDefined": false
      }
    ],
    "isTemplate": false,
    "count": 2,
    "updated": 1520470718
  },
  {
    "id": "7daf6608-76aa-4c9d-bfa3-20e43035f468",
    "data": [
      {
        "text": "not really",
        "userDefined": false
      }
    ],
    "isTemplate": false,
    "count": 0,
    "updated": 1520470718
  },
  {
    "id": "a3827ffe-e6fc-4333-a6c3-5e1a732fab82",
    "data": [
      {
        "text": "no",
        "userDefined": false
      }
    ],
    "isTemplate": false,
    "count": 1,
    "updated": 1520470718
  },
  {
    "id": "5a6fe6b9-4a77-4cc7-83b5-c432ca44a533",
    "data": [
      {
        "text": "not interested",
        "userDefined": false
      }
    ],
    "isTemplate": false,
    "count": 0,
    "updated": 1520470718
  },
  {
    "id": "c496649c-1f85-41a3-b53b-097ce55c4e6d",
    "data": [
      {
        "text": "I don\u0027t want that",
        "userDefined": false
      }
    ],
    "isTemplate": false,
    "count": 0,
    "updated": 1520470718
  },
  {
    "id": "60193e11-3bd7-4ff1-9aeb-06f3ce48c2d1",
    "data": [
      {
        "text": "I don\u0027t think so",
        "userDefined": false
      }
    ],
    "isTemplate": false,
    "count": 0,
    "updated": 1520470718
  },
  {
    "id": "8376df36-e7e0-4925-8cd9-caeccab5f083",
    "data": [
      {
        "text": "definitely not",
        "userDefined": false
      }
    ],
    "isTemplate": false,
    "count": 1,
    "updated": 1520470718
  },
  {
    "id": "ea9fda53-095b-4628-895a-1ad9407fc629",
    "data": [
      {
        "text": "don\u0027t do it",
        "userDefined": false
      }
    ],
    "isTemplate": false,
    "count": 0,
    "updated": 1520470718
  }
]