[
  {
    "id": "f583dd35-00f5-45c1-8593-53ba2f3582c6",
    "data": [
      {
        "text": "air quality in ",
        "userDefined": false
      },
      {
        "text": "bengaluru",
        "alias": "any",
        "meta": "@sys.any",
        "userDefined": true
      }
    ],
    "isTemplate": false,
    "count": 0,
    "updated": 1533189476
  },
  {
    "id": "d0237f94-6682-4b3f-9c81-be6d591cdf9b",
    "data": [
      {
        "text": "air quality in ",
        "userDefined": false
      },
      {
        "text": "delhi",
        "alias": "any",
        "meta": "@sys.any",
        "userDefined": true
      }
    ],
    "isTemplate": false,
    "count": 1,
    "updated": 1533189476
  },
  {
    "id": "612c8f71-d0f8-4869-ae23-756076e2b9de",
    "data": [
      {
        "text": "pollution in ",
        "userDefined": false
      },
      {
        "text": "delhi",
        "alias": "any",
        "meta": "@sys.any",
        "userDefined": true
      }
    ],
    "isTemplate": false,
    "count": 0,
    "updated": 1533189476
  },
  {
    "id": "3a1ed8d1-7e59-42fa-893a-d75291e4f434",
    "data": [
      {
        "text": "about current pollution level in ",
        "userDefined": false
      },
      {
        "text": "delhi",
        "alias": "any",
        "meta": "@sys.any",
        "userDefined": true
      }
    ],
    "isTemplate": false,
    "count": 0,
    "updated": 1533189476
  },
  {
    "id": "57b39753-f5d7-44c2-9d88-d578a6074e92",
    "data": [
      {
        "text": "about current pollution in ",
        "userDefined": false
      },
      {
        "text": "bangalore",
        "alias": "any",
        "meta": "@sys.any",
        "userDefined": true
      }
    ],
    "isTemplate": false,
    "count": 0,
    "updated": 1533189476
  },
  {
    "id": "e84bf474-31a8-424a-acba-6556ecb646aa",
    "data": [
      {
        "text": "about pollution in ",
        "userDefined": false
      },
      {
        "text": "new delhi",
        "alias": "any",
        "meta": "@sys.any",
        "userDefined": true
      }
    ],
    "isTemplate": false,
    "count": 0,
    "updated": 1533189476
  },
  {
    "id": "5c23a27d-633b-4688-a4a6-8f866c43398a",
    "data": [
      {
        "text": "about ",
        "userDefined": false
      },
      {
        "text": "Delhi",
        "alias": "any",
        "meta": "@sys.any",
        "userDefined": true
      }
    ],
    "isTemplate": false,
    "count": 0,
    "updated": 1533189476
  },
  {
    "id": "f79bfe47-674e-4d89-8da5-38b5b19e058b",
    "data": [
      {
        "text": "pollution in ",
        "userDefined": false
      },
      {
        "text": "mumbai",
        "alias": "any",
        "meta": "@sys.any",
        "userDefined": true
      }
    ],
    "isTemplate": false,
    "count": 0,
    "updated": 1533189476
  },
  {
    "id": "22721dfa-6498-48ff-8cef-d86e878234ae",
    "data": [
      {
        "text": "about ",
        "userDefined": false
      },
      {
        "text": "Bengaluru",
        "alias": "any",
        "meta": "@sys.any",
        "userDefined": true
      }
    ],
    "isTemplate": false,
    "count": 0,
    "updated": 1533189476
  },
  {
    "id": "e7158961-eb98-426e-b9ef-ecbf2f9ac72b",
    "data": [
      {
        "text": "about ",
        "userDefined": false
      },
      {
        "text": "kochi",
        "alias": "any",
        "meta": "@sys.any",
        "userDefined": true
      }
    ],
    "isTemplate": false,
    "count": 0,
    "updated": 1533189476
  }
]