[
  {
    "id": "28fda558-cfdc-4c74-a64e-09f4e6e59597",
    "data": [
      {
        "text": "Air quality outside",
        "userDefined": false
      }
    ],
    "isTemplate": false,
    "count": 0,
    "updated": 1532539717
  },
  {
    "id": "f6ddbb7b-8976-4ea0-b88b-8d7d0935a575",
    "data": [
      {
        "text": "Air quality index",
        "userDefined": false
      }
    ],
    "isTemplate": false,
    "count": 0,
    "updated": 1532539717
  },
  {
    "id": "a9167594-63fb-46e0-aac9-98d8fa02ac93",
    "data": [
      {
        "text": "How is the Air quality",
        "userDefined": false
      }
    ],
    "isTemplate": false,
    "count": 1,
    "updated": 1532539717
  },
  {
    "id": "b830c988-b2aa-4f5e-a8e7-6d63de2d0c4c",
    "data": [
      {
        "text": "Air quality",
        "userDefined": false
      }
    ],
    "isTemplate": false,
    "count": 0,
    "updated": 1532539717
  },
  {
    "id": "8126d8cc-a39d-4cf8-9fd2-eeb6c62be547",
    "data": [
      {
        "text": "Talk to air pollution ",
        "userDefined": false
      },
      {
        "text": "India",
        "alias": "geo-country",
        "meta": "@sys.geo-country",
        "userDefined": false
      }
    ],
    "isTemplate": false,
    "count": 0,
    "updated": 1532539717
  },
  {
    "id": "baf19b87-e4f7-4306-9e32-b8149288397b",
    "data": [
      {
        "text": "Let me talk to Air pollution ",
        "userDefined": false
      },
      {
        "text": "India",
        "alias": "geo-country",
        "meta": "@sys.geo-country",
        "userDefined": false
      }
    ],
    "isTemplate": false,
    "count": 0,
    "updated": 1532539717
  },
  {
    "id": "387cfb20-e581-4dbd-95c9-ca16c028f693",
    "data": [
      {
        "text": "pollution index",
        "userDefined": false
      }
    ],
    "isTemplate": false,
    "count": 0,
    "updated": 1532539717
  },
  {
    "id": "9d1db51a-2342-4454-8590-9e967412507f",
    "data": [
      {
        "text": "what is the air pollution index",
        "userDefined": false
      }
    ],
    "isTemplate": false,
    "count": 0,
    "updated": 1532539717
  },
  {
    "id": "57415647-500d-452d-8ae6-664775b862be",
    "data": [
      {
        "text": "is there any air pollution now",
        "userDefined": false
      }
    ],
    "isTemplate": false,
    "count": 0,
    "updated": 1532539717
  },
  {
    "id": "246df71e-a914-4137-b8d0-7244c8ec95e3",
    "data": [
      {
        "text": "how polluted air is now",
        "userDefined": false
      }
    ],
    "isTemplate": false,
    "count": 0,
    "updated": 1532539717
  },
  {
    "id": "fc7e0db1-e85b-4b86-a160-1114d7d190b1",
    "data": [
      {
        "text": "how polluted the air outside",
        "userDefined": false
      }
    ],
    "isTemplate": false,
    "count": 0,
    "updated": 1532539717
  },
  {
    "id": "09c1c52c-9654-4fa1-ad9f-47baddbb0050",
    "data": [
      {
        "text": "how is the airpolution",
        "userDefined": false
      }
    ],
    "isTemplate": false,
    "count": 0,
    "updated": 1532539717
  },
  {
    "id": "65fcf65c-6fad-4065-8d4e-bc2b930eeb80",
    "data": [
      {
        "text": "what is the air pollution now",
        "userDefined": false
      }
    ],
    "isTemplate": false,
    "count": 0,
    "updated": 1532539717
  },
  {
    "id": "39b75180-da05-488b-a004-344e8bf2a1ca",
    "data": [
      {
        "text": "How is the air outside",
        "userDefined": false
      }
    ],
    "isTemplate": false,
    "count": 0,
    "updated": 1531288341
  }
]