[
  {
    "id": "256b3575-26fa-4ce0-b332-2d523940dc34",
    "data": [
      {
        "text": "about current level of ",
        "userDefined": false
      },
      {
        "text": "particulate matter",
        "alias": "pollutant",
        "meta": "@pollutant",
        "userDefined": false
      },
      {
        "text": " 2.5",
        "userDefined": false
      }
    ],
    "isTemplate": false,
    "count": 0,
    "updated": 1531832406
  },
  {
    "id": "766f9d41-bdd2-44ec-9896-9f6d1c26a28a",
    "data": [
      {
        "text": "index of ",
        "userDefined": false
      },
      {
        "text": "particulate matter",
        "alias": "pollutant",
        "meta": "@pollutant",
        "userDefined": false
      },
      {
        "text": " 2.5",
        "userDefined": false
      }
    ],
    "isTemplate": false,
    "count": 0,
    "updated": 1531832406
  },
  {
    "id": "953242f6-2231-4b2a-9cf1-43516dd42a6f",
    "data": [
      {
        "text": "index of ",
        "userDefined": false
      },
      {
        "text": "pm",
        "alias": "pollutant",
        "meta": "@pollutant",
        "userDefined": false
      },
      {
        "text": " ",
        "userDefined": false
      },
      {
        "text": "2.5",
        "alias": "number",
        "meta": "@sys.number",
        "userDefined": false
      }
    ],
    "isTemplate": false,
    "count": 0,
    "updated": 1531832406
  },
  {
    "id": "ef8fcdb5-7768-4269-ab9f-0ef035474b82",
    "data": [
      {
        "text": "index of ",
        "userDefined": false
      },
      {
        "text": "ammonia",
        "alias": "pollutant",
        "meta": "@pollutant",
        "userDefined": false
      }
    ],
    "isTemplate": false,
    "count": 0,
    "updated": 1531832406
  },
  {
    "id": "c07a1d8f-2c20-4546-aaff-b4ccbe70e698",
    "data": [
      {
        "text": "about index of ",
        "userDefined": false
      },
      {
        "text": "carbon monoxide",
        "alias": "pollutant",
        "meta": "@pollutant",
        "userDefined": false
      }
    ],
    "isTemplate": false,
    "count": 0,
    "updated": 1531832406
  },
  {
    "id": "872ad872-a39b-4036-91a3-4af59bd842e9",
    "data": [
      {
        "text": "about amount of ",
        "userDefined": false
      },
      {
        "text": "pm10",
        "alias": "pollutant",
        "meta": "@pollutant",
        "userDefined": false
      },
      {
        "text": " in the air now",
        "userDefined": false
      }
    ],
    "isTemplate": false,
    "count": 0,
    "updated": 1531832406
  },
  {
    "id": "a9a01f11-3e06-4660-a524-a5445c0477ce",
    "data": [
      {
        "text": "about index of ",
        "userDefined": false
      },
      {
        "text": "pm10",
        "alias": "pollutant",
        "meta": "@pollutant",
        "userDefined": false
      }
    ],
    "isTemplate": false,
    "count": 0,
    "updated": 1531832406
  },
  {
    "id": "acd7d003-f31a-45f3-85b7-95599994cb50",
    "data": [
      {
        "text": "index of ",
        "userDefined": false
      },
      {
        "text": "pm10",
        "alias": "pollutant",
        "meta": "@pollutant",
        "userDefined": false
      }
    ],
    "isTemplate": false,
    "count": 0,
    "updated": 1531832406
  },
  {
    "id": "aca362e8-48b9-421f-827c-e301e8a296c1",
    "data": [
      {
        "text": "amount of ",
        "userDefined": false
      },
      {
        "text": "carbon monoxide",
        "alias": "pollutant",
        "meta": "@pollutant",
        "userDefined": false
      },
      {
        "text": " in the air",
        "userDefined": false
      }
    ],
    "isTemplate": false,
    "count": 0,
    "updated": 1531832406
  },
  {
    "id": "750eee7f-d7b2-4b8f-8992-3837341f4138",
    "data": [
      {
        "text": "current level of ",
        "userDefined": false
      },
      {
        "text": "so2",
        "alias": "pollutant",
        "meta": "@pollutant",
        "userDefined": false
      }
    ],
    "isTemplate": false,
    "count": 0,
    "updated": 1531832406
  },
  {
    "id": "2ab897fe-b525-446c-9404-3f0bc07a29b4",
    "data": [
      {
        "text": "pollution index of ",
        "userDefined": false
      },
      {
        "text": "ammonia",
        "alias": "pollutant",
        "meta": "@pollutant",
        "userDefined": false
      }
    ],
    "isTemplate": false,
    "count": 0,
    "updated": 1531832406
  }
]