[
  {
    "id": "00745a5f-a6a4-44d6-a89c-409c2043130e",
    "data": [
      {
        "text": "I don\u0027t mind",
        "userDefined": false
      }
    ],
    "isTemplate": false,
    "count": 0,
    "updated": 1531735963
  },
  {
    "id": "9d7a46b4-29b3-40a7-aa07-aced39db2b19",
    "data": [
      {
        "text": "do it",
        "userDefined": false
      }
    ],
    "isTemplate": false,
    "count": 1,
    "updated": 1531735963
  },
  {
    "id": "02ef0362-7aae-4598-a94d-20d5a00ed6f4",
    "data": [
      {
        "text": "ok",
        "userDefined": false
      }
    ],
    "isTemplate": false,
    "count": 0,
    "updated": 1531735963
  },
  {
    "id": "564cd55e-c05e-42bd-8019-16847be822fd",
    "data": [
      {
        "text": "sounds good",
        "userDefined": false
      }
    ],
    "isTemplate": false,
    "count": 0,
    "updated": 1531735963
  },
  {
    "id": "3feb55c9-623c-448e-9d07-ed7210fd0e14",
    "data": [
      {
        "text": "confirm",
        "userDefined": false
      }
    ],
    "isTemplate": false,
    "count": 1,
    "updated": 1531735963
  },
  {
    "id": "6eddbfda-27a9-4587-829c-deb8722365ae",
    "data": [
      {
        "text": "that\u0027s correct",
        "userDefined": false
      }
    ],
    "isTemplate": false,
    "count": 0,
    "updated": 1531735963
  },
  {
    "id": "83c8c1ad-9035-4ac5-81d0-6a3d30854c85",
    "data": [
      {
        "text": "I agree",
        "userDefined": false
      }
    ],
    "isTemplate": false,
    "count": 1,
    "updated": 1531735963
  },
  {
    "id": "f7c9d33d-a2cd-437c-9fb5-ffd302244655",
    "data": [
      {
        "text": "yes",
        "userDefined": false
      }
    ],
    "isTemplate": false,
    "count": 0,
    "updated": 1531735963
  },
  {
    "id": "da6c1a8d-09d4-43e7-a93d-402c9f391574",
    "data": [
      {
        "text": "exactly",
        "userDefined": false
      }
    ],
    "isTemplate": false,
    "count": 0,
    "updated": 1531735963
  },
  {
    "id": "f3f8f7b7-0bca-4c88-a0da-e174587aeebe",
    "data": [
      {
        "text": "sure",
        "userDefined": false
      }
    ],
    "isTemplate": false,
    "count": 2,
    "updated": 1531735963
  }
]