[
  {
    "id": "516fe550-0776-4cf3-99e9-6189652263da",
    "data": [
      {
        "text": "I disagree",
        "userDefined": false
      }
    ],
    "isTemplate": false,
    "count": 2,
    "updated": 1531770461
  },
  {
    "id": "494c1ff1-efb6-4a18-9f05-345eb55b8e91",
    "data": [
      {
        "text": "not really",
        "userDefined": false
      }
    ],
    "isTemplate": false,
    "count": 0,
    "updated": 1531770461
  },
  {
    "id": "1a7371fb-8aaf-4b17-b584-03ce84f6eb06",
    "data": [
      {
        "text": "no",
        "userDefined": false
      }
    ],
    "isTemplate": false,
    "count": 1,
    "updated": 1531770461
  },
  {
    "id": "2e2c73f6-a0d6-466b-98be-234ced0d6858",
    "data": [
      {
        "text": "not interested",
        "userDefined": false
      }
    ],
    "isTemplate": false,
    "count": 0,
    "updated": 1531770461
  },
  {
    "id": "c3d3b565-56eb-4153-93bf-346caa6b61b6",
    "data": [
      {
        "text": "I don\u0027t want that",
        "userDefined": false
      }
    ],
    "isTemplate": false,
    "count": 0,
    "updated": 1531770461
  },
  {
    "id": "6c1b2cfb-a782-4411-aa08-d54739e55226",
    "data": [
      {
        "text": "I don\u0027t think so",
        "userDefined": false
      }
    ],
    "isTemplate": false,
    "count": 0,
    "updated": 1531770461
  },
  {
    "id": "c561837b-334b-4080-8d9b-943945db8111",
    "data": [
      {
        "text": "definitely not",
        "userDefined": false
      }
    ],
    "isTemplate": false,
    "count": 1,
    "updated": 1531770461
  },
  {
    "id": "a9792707-ba81-444e-ab85-9b4c2dfb851a",
    "data": [
      {
        "text": "don\u0027t do it",
        "userDefined": false
      }
    ],
    "isTemplate": false,
    "count": 0,
    "updated": 1531770461
  }
]