[
  {
    "id": "c304aac3-3d84-49a4-a5e1-da4820163bd7",
    "data": [
      {
        "text": "I want to know about ",
        "userDefined": false
      },
      {
        "text": "pm",
        "alias": "Pollutant",
        "meta": "@pollutant",
        "userDefined": false
      },
      {
        "text": " 2.5",
        "userDefined": false
      }
    ],
    "isTemplate": false,
    "count": 0,
    "updated": 1531828881
  },
  {
    "id": "69d39ff7-6d9f-408d-9813-24d23fb1d4d2",
    "data": [
      {
        "text": "I want know about ",
        "userDefined": false
      },
      {
        "text": "pm10",
        "alias": "Pollutant",
        "meta": "@pollutant",
        "userDefined": false
      }
    ],
    "isTemplate": false,
    "count": 0,
    "updated": 1531822460
  },
  {
    "id": "930008bf-6ba2-4994-8eda-7505f4ded29b",
    "data": [
      {
        "text": "I want to know about ",
        "userDefined": false
      },
      {
        "text": "co",
        "alias": "Pollutant",
        "meta": "@pollutant",
        "userDefined": false
      }
    ],
    "isTemplate": false,
    "count": 0,
    "updated": 1531822460
  },
  {
    "id": "ef7aba45-c53d-4ae5-8354-d055eab95de8",
    "data": [
      {
        "text": "ozone",
        "alias": "Pollutant",
        "meta": "@pollutant",
        "userDefined": false
      }
    ],
    "isTemplate": false,
    "count": 0,
    "updated": 1531812073
  },
  {
    "id": "20bea375-117d-4781-a110-ca00f4489cf9",
    "data": [
      {
        "text": "about ",
        "userDefined": false
      },
      {
        "text": "PM10",
        "alias": "Pollutant",
        "meta": "@pollutant",
        "userDefined": false
      }
    ],
    "isTemplate": false,
    "count": 0,
    "updated": 1531812073
  },
  {
    "id": "db1f3d96-0ffd-4532-8fea-60cbda31f7b5",
    "data": [
      {
        "text": "about ",
        "userDefined": false
      },
      {
        "text": "Ammonia",
        "alias": "Pollutant",
        "meta": "@pollutant",
        "userDefined": false
      }
    ],
    "isTemplate": false,
    "count": 0,
    "updated": 1531812073
  },
  {
    "id": "eaa8d2f1-dd94-4c8f-9b08-558c756ab7e8",
    "data": [
      {
        "text": "tell me about ",
        "userDefined": false
      },
      {
        "text": "NH3",
        "alias": "Pollutant",
        "meta": "@pollutant",
        "userDefined": false
      }
    ],
    "isTemplate": false,
    "count": 0,
    "updated": 1531812073
  },
  {
    "id": "4966d793-859a-484a-bc04-e053eab39a26",
    "data": [
      {
        "text": "I would like to know more about ",
        "userDefined": false
      },
      {
        "text": "co",
        "alias": "Pollutant",
        "meta": "@pollutant",
        "userDefined": false
      }
    ],
    "isTemplate": false,
    "count": 0,
    "updated": 1531812073
  }
]