[
  {
    "id": "90f6398e-d1cc-4c3c-b822-23f29c769f96",
    "data": [
      {
        "text": "does outside air contains ",
        "userDefined": false
      },
      {
        "text": "ammonia",
        "alias": "pollutant",
        "meta": "@pollutant",
        "userDefined": false
      },
      {
        "text": " now ?",
        "userDefined": false
      }
    ],
    "isTemplate": false,
    "count": 0,
    "updated": 1530973659
  },
  {
    "id": "1bf3303c-4fe6-4ba5-8de2-177b38f1033c",
    "data": [
      {
        "text": "what is the current level of ",
        "userDefined": false
      },
      {
        "text": "sulphur dioxide",
        "alias": "pollutant",
        "meta": "@pollutant",
        "userDefined": false
      },
      {
        "text": " right now in the air",
        "userDefined": false
      }
    ],
    "isTemplate": false,
    "count": 0,
    "updated": 1530973659
  },
  {
    "id": "9ea5c5e6-9eaf-4d9d-9319-2ee46db9c06c",
    "data": [
      {
        "text": "how much ",
        "userDefined": false
      },
      {
        "text": "ozone",
        "alias": "pollutant",
        "meta": "@pollutant",
        "userDefined": false
      },
      {
        "text": " is in the air now",
        "userDefined": false
      }
    ],
    "isTemplate": false,
    "count": 0,
    "updated": 1530973659
  },
  {
    "id": "dbb1df26-ed4c-4f04-bc1f-0ebc5f8ee665",
    "data": [
      {
        "text": "what is the level of ",
        "userDefined": false
      },
      {
        "text": "ammonia",
        "alias": "pollutant",
        "meta": "@pollutant",
        "userDefined": false
      }
    ],
    "isTemplate": false,
    "count": 0,
    "updated": 1530973659
  },
  {
    "id": "d847631e-6bc3-4d41-b01f-bd498ff8f405",
    "data": [
      {
        "text": "what is the level of ",
        "userDefined": false
      },
      {
        "text": "co",
        "alias": "pollutant",
        "meta": "@pollutant",
        "userDefined": false
      }
    ],
    "isTemplate": false,
    "count": 0,
    "updated": 1530973659
  }
]