[
  {
    "id": "c8cfff8c-d2ad-4a39-aa39-6ac0f08c754b",
    "data": [
      {
        "text": "about ",
        "userDefined": false
      },
      {
        "text": "banana",
        "alias": "any",
        "meta": "@sys.any",
        "userDefined": true
      }
    ],
    "isTemplate": false,
    "count": 0,
    "updated": 1531832482
  },
  {
    "id": "90354914-d46a-43ad-8a51-7ad6de622bba",
    "data": [
      {
        "text": "of ",
        "userDefined": false
      },
      {
        "text": "poop",
        "alias": "any",
        "meta": "@sys.any",
        "userDefined": true
      }
    ],
    "isTemplate": false,
    "count": 0,
    "updated": 1531832482
  },
  {
    "id": "7c04501e-93c8-48c1-87f9-a6430bb50729",
    "data": [
      {
        "text": "about current level of ",
        "userDefined": false
      },
      {
        "text": "poop",
        "alias": "any",
        "meta": "@sys.any",
        "userDefined": true
      }
    ],
    "isTemplate": false,
    "count": 0,
    "updated": 1531832482
  },
  {
    "id": "fe1a34a7-3415-4b77-9853-2b40c52fa589",
    "data": [
      {
        "text": "about pollution index of ",
        "userDefined": false
      },
      {
        "text": "bus",
        "alias": "any",
        "meta": "@sys.any",
        "userDefined": true
      }
    ],
    "isTemplate": false,
    "count": 0,
    "updated": 1531832482
  },
  {
    "id": "df44d0d0-6aaf-4d2b-8d38-319c99fb22f5",
    "data": [
      {
        "text": "current level of ",
        "userDefined": false
      },
      {
        "text": "banana",
        "alias": "any",
        "meta": "@sys.any",
        "userDefined": true
      }
    ],
    "isTemplate": false,
    "count": 0,
    "updated": 1531832482
  }
]